0.2108277450110837	0.03339183439846454	0.031700403093812585
0.20300847187057627	0.06596145101289415	0.02981670841581168
0.1901904564061247	0.09690687778988125	0.026262514010995774
0.1726893206990181	0.1254661356201931	0.021356176669737836
0.1509360007933048	0.15093600079330477	0.01570865445269455
0.1254661356201931	0.1726893206990181	0.010192101768543101
0.09690687778988127	0.1901904564061247	0.005829795565296429
0.06596145101289416	0.20300847187057627	0.003624726278781839
0.03339183439846455	0.2108277450110837	0.004370344433557947
1.307039439909275e-17	0.21345573937224785	0.008496313747476966
-0.03339183439846448	0.2108277450110837	0.015991256514348375
-0.06596145101289413	0.2030084718705763	0.026418724237490507
-0.09690687778988125	0.1901904564061247	0.039011517167903464
-0.12546613562019307	0.1726893206990181	0.05280433738133033
-0.15093600079330477	0.1509360007933048	0.06675701962594424
-0.17268932069901807	0.12546613562019313	0.07983598693165331
-0.1901904564061247	0.09690687778988127	0.09105304682319994
-0.20300847187057627	0.06596145101289418	0.09948947086681562
-0.21082774501108367	0.03339183439846456	0.10434161015485557
-0.21345573937224785	2.61407887981855e-17	0.10500809244697146
-0.2108277450110837	-0.03339183439846451	0.10120894630345721
-0.20300847187057633	-0.06596145101289405	0.09309996621795136
-0.1901904564061247	-0.09690687778988123	0.08133322652412682
-0.1726893206990181	-0.12546613562019307	0.06702238269279216
-0.1509360007933048	-0.15093600079330477	0.05159880291792764
-0.12546613562019313	-0.17268932069901807	0.036583462703499776
-0.09690687778988129	-0.1901904564061247	0.023333639732104866
-0.06596145101289419	-0.20300847187057627	0.012835379289606116
-0.033391834398464576	-0.21082774501108367	0.005595412685251899
-3.9211183197278243e-17	-0.21345573937224785	0.0016485893049717013
0.0333918343984645	-0.2108277450110837	0.0006577867494502947
0.06596145101289412	-0.2030084718705763	0.0020594057711514897
0.09690687778988122	-0.19019045640612472	0.005205160460120255
0.12546613562019304	-0.1726893206990181	0.009465578734317363
0.15093600079330474	-0.1509360007933048	0.014282669706364803
0.17268932069901807	-0.12546613562019315	0.019178895956588837
0.1901904564061247	-0.09690687778988129	0.023740729522739715
0.20300847187057627	-0.0659614510128942	0.027596508733492203
0.21082774501108367	-0.03339183439846459	0.030403493530580628
0.21345573937224785	-5.2281577596371e-17	0.03185322182574772
0.2981554563192112	0.04722318507882499	0.030320914305708456
0.2870973341960059	0.09328357861624344	0.034780943474884606
0.26896992288347044	0.1370470208576821	0.03830648362931804
0.24421957940954822	0.17743591061261915	0.04025885916628878
0.21345573937224785	0.21345573937224782	0.040125406484206566
0.17743591061261915	0.24421957940954822	0.037822568228852174
0.13704702085768214	0.26896992288347044	0.0339752955957315
0.09328357861624345	0.2870973341960059	0.03001545503197173
0.047223185078825	0.2981554563192112	0.028009379892434277
1.8484329024762306e-17	0.30187200158660954	0.030239903612985494
-0.047223185078824906	0.2981554563192112	0.038651923664435886
-0.09328357861624341	0.28709733419600597	0.05429324400385534
-0.1370470208576821	0.26896992288347044	0.07688032628815736
-0.1774359106126191	0.24421957940954822	0.1046242545142566
-0.21345573937224782	0.21345573937224785	0.13443259241103284
-0.2442195794095482	0.17743591061261918	0.16249804306668958
-0.26896992288347044	0.13704702085768214	0.1851107483702627
-0.2870973341960059	0.09328357861624346	0.1994076476038312
-0.29815545631921114	0.047223185078825024	0.20381585979797573
-0.30187200158660954	3.696865804952461e-17	0.19813609221183948
-0.2981554563192112	-0.04722318507882495	0.18338919175786036
-0.28709733419600597	-0.09328357861624328	0.16157429872592263
-0.26896992288347044	-0.13704702085768208	0.1353798463454535
-0.24421957940954822	-0.1774359106126191	0.10779781870318196
-0.21345573937224788	-0.21345573937224782	0.08162891148207307
-0.17743591061261918	-0.2442195794095482	0.05898955987053238
-0.13704702085768217	-0.26896992288347044	0.04100286993803167
-0.09328357861624348	-0.2870973341960059	0.0277921340386418
-0.04722318507882504	-0.29815545631921114	0.018747200743231433
-5.545298707428691e-17	-0.30187200158660954	0.012916319069820135
0.04722318507882493	-0.2981554563192112	0.009359288274788189
0.09328357861624338	-0.28709733419600597	0.007363508062019884
0.13704702085768208	-0.2689699228834705	0.006508826415046578
0.17743591061261907	-0.24421957940954825	0.006621605563325168
0.2134557393722478	-0.21345573937224788	0.007674178130208831
0.2442195794095482	-0.1774359106126192	0.009678202352156287
0.26896992288347044	-0.1370470208576822	0.012605126230138248
0.2870973341960059	-0.09328357861624349	0.0163492416394263
0.29815545631921114	-0.047223185078825065	0.020727804118804836
0.30187200158660954	-7.393731609904922e-17	0.025492474934419543
0.36516436600437285	0.057836353736066715	0.03650741027025269
0.3516209876467553	0.11424858449529825	0.03746166654881729
0.3294195336101216	0.1678476359349423	0.036987574612659876
0.2991066773752551	0.21731372152350173	0.03558190430727581
0.26142882206526025	0.2614288220652602	0.03394297862989533
0.21731372152350173	0.2991066773752551	0.03281783762267733
0.16784763593494234	0.3294195336101216	0.03291981275989385
0.11424858449529826	0.3516209876467553	0.03496509819886388
0.057836353736066735	0.36516436600437285	0.03978425858289086
2.2638587174192325e-17	0.36971618575991366	0.04838707464739317
-0.05783635373606661	0.36516436600437285	0.061844644370530825
-0.11424858449529822	0.35162098764675537	0.08092332583828096
-0.1678476359349423	0.3294195336101216	0.10555249928528945
-0.21731372152350167	0.2991066773752551	0.13436986421077401
-0.2614288220652602	0.26142882206526025	0.1646412024619379
-0.29910667737525504	0.21731372152350176	0.19270026645171084
-0.3294195336101216	0.16784763593494234	0.2147653981230468
-0.3516209876467553	0.11424858449529829	0.2277856045492415
-0.3651643660043728	0.057836353736066756	0.23001457090915223
-0.36971618575991366	4.527717434838465e-17	0.22122647277205537
-0.36516436600437285	-0.057836353736066666	0.20264659917275285
-0.3516209876467554	-0.11424858449529807	0.17667071014069044
-0.3294195336101216	-0.16784763593494229	0.14639943822341484
-0.2991066773752551	-0.21731372152350167	0.11505007319150143
-0.2614288220652603	-0.2614288220652602	0.08539895996935608
-0.21731372152350176	-0.29910667737525504	0.059424736893035124
-0.16784763593494237	-0.3294195336101216	0.038221330397213926
-0.1142485844952983	-0.3516209876467553	0.022118835920474117
-0.05783635373606678	-0.3651643660043728	0.010893557408093342
-6.791576152257697e-17	-0.36971618575991366	0.003977705346303299
0.057836353736066645	-0.36516436600437285	0.0006351001124300621
0.11424858449529819	-0.35162098764675537	0.00010051444331890204
0.16784763593494226	-0.32941953361012166	0.0016816152847088787
0.21731372152350165	-0.29910667737525515	0.004814850757961808
0.2614288220652602	-0.2614288220652603	0.009067325716563976
0.29910667737525504	-0.21731372152350178	0.014088641883063082
0.3294195336101216	-0.1678476359349424	0.01953391513430857
0.3516209876467553	-0.11424858449529833	0.024994128403746957
0.3651643660043728	-0.057836353736066805	0.02997513353474873
0.36971618575991366	-9.05543486967693e-17	0.033954012831951846
0.4216554900221674	0.06678366879692908	0.036580484051810774
0.40601694374115255	0.1319229020257883	0.04163092251284579
0.3803809128122494	0.1938137555797625	0.044611126374561334
0.3453786413980362	0.2509322712403862	0.04498613440542695
0.3018720015866096	0.30187200158660954	0.04297671943055562
0.2509322712403862	0.3453786413980362	0.039717302082720125
0.19381375557976255	0.3803809128122494	0.03707919491215571
0.13192290202578832	0.40601694374115255	0.03719143010727199
0.0667836687969291	0.4216554900221674	0.041862714191537274
2.61407887981855e-17	0.4269114787444957	0.0521577555713526
-0.06678366879692896	0.4216554900221674	0.06828469168688617
-0.13192290202578827	0.4060169437411526	0.089778299581019
-0.1938137555797625	0.3803809128122494	0.11578944309890422
-0.25093227124038614	0.3453786413980362	0.14518819744360956
-0.30187200158660954	0.3018720015866096	0.176286827127938
-0.34537864139803615	0.25093227124038625	0.20635267648236427
-0.3803809128122494	0.19381375557976255	0.23146473596233777
-0.40601694374115255	0.13192290202578835	0.24721667858719495
-0.42165549002216735	0.06678366879692912	0.2501538607182588
-0.4269114787444957	5.2281577596371e-17	0.23915381534758146
-0.4216554900221674	-0.06678366879692901	0.21589084391282024
-0.40601694374115266	-0.1319229020257881	0.1841581378088683
-0.3803809128122494	-0.19381375557976246	0.14856223232365026
-0.3453786413980362	-0.25093227124038614	0.11333131477327328
-0.3018720015866096	-0.30187200158660954	0.08164607842939352
-0.25093227124038625	-0.34537864139803615	0.0554519717177691
-0.19381375557976258	-0.3803809128122494	0.035527912764692436
-0.13192290202578838	-0.40601694374115255	0.02166810125750154
-0.06678366879692915	-0.42165549002216735	0.01295238336736959
-7.842236639455649e-17	-0.4269114787444957	0.008093638677342429
0.066783668796929	-0.4216554900221674	0.005795962128268208
0.13192290202578824	-0.4060169437411526	0.005030589681612588
0.19381375557976244	-0.38038091281224945	0.005169769142200749
0.2509322712403861	-0.3453786413980362	0.005978694030125278
0.3018720015866095	-0.3018720015866096	0.007510207548848773
0.34537864139803615	-0.2509322712403863	0.009959253617097442
0.3803809128122494	-0.19381375557976258	0.013519834577102461
0.40601694374115255	-0.1319229020257884	0.018262785363805448
0.42165549002216735	-0.06678366879692918	0.024036072752332462
0.4269114787444957	-1.04563155192742e-16	0.030393395452845924
0.4714251693877753	0.0746664116083825	0.024184916905657834
0.45394074311096244	0.1474942883593537	0.027117380827854455
0.4252787891958052	0.21669036622543905	0.02957992401565438
0.3861450600712659	0.2805508081209595	0.03176021318551165
0.33750315802579167	0.3375031580257916	0.033791072538892124
0.2805508081209595	0.3861450600712659	0.03570582010443377
0.2166903662254391	0.42527878919580514	0.037597540733011296
0.14749428835935371	0.45394074311096244	0.03993259285299352
0.07466641160838253	0.4714251693877753	0.04382410835952934
2.9226290369103905e-17	0.47730154342382447	0.051039095418879986
-0.07466641160838237	0.4714251693877753	0.06359848394269649
-0.14749428835935366	0.4539407431109625	0.0829961191148206
-0.21669036622543905	0.4252787891958052	0.10929806353717658
-0.28055080812095945	0.3861450600712659	0.14059768115331958
-0.3375031580257916	0.33750315802579167	0.17324940615160714
-0.38614506007126587	0.28055080812095956	0.20284792695188986
-0.42527878919580514	0.2166903662254391	0.2253819822996025
-0.45394074311096244	0.14749428835935374	0.2379382118496495
-0.47142516938777523	0.07466641160838255	0.23885530776531533
-0.47730154342382447	5.845258073820781e-17	0.22773345487409183
-0.4714251693877753	-0.07466641160838244	0.20561663048109724
-0.45394074311096255	-0.14749428835935344	0.1751630034688526
-0.4252787891958052	-0.21669036622543902	0.1403605765953394
-0.3861450600712659	-0.28055080812095945	0.10563696115433174
-0.3375031580257917	-0.3375031580257916	0.07471698486898193
-0.28055080812095956	-0.38614506007126587	0.049796736594664305
-0.21669036622543913	-0.42527878919580514	0.03138054647522539
-0.14749428835935374	-0.45394074311096244	0.018713734892469084
-0.07466641160838258	-0.47142516938777523	0.010466178266496215
-8.76788711073117e-17	-0.47730154342382447	0.005316921095808435
0.07466641160838242	-0.4714251693877753	0.002268566030157507
0.1474942883593536	-0.4539407431109625	0.0007088488503725589
0.216690366225439	-0.42527878919580525	0.0003286609507238774
0.2805508081209594	-0.386145060071266	0.0009999237395164075
0.33750315802579156	-0.3375031580257917	0.002667366492089986
0.38614506007126587	-0.2805508081209596	0.005265286472664497
0.42527878919580514	-0.21669036622543916	0.008655405550493513
0.45394074311096244	-0.14749428835935377	0.012591021542789281
0.47142516938777523	-0.07466641160838262	0.01672647459768044
0.47730154342382447	-1.1690516147641562e-16	0.02068726241251433
0.5164203988987569	0.08179295585175338	0.024795998145937418
0.49726716954506395	0.1615718976751793	0.02781132691472266
0.46586957214205366	0.23737240315145708	0.02962767829391758
0.42300071974043957	0.30732801226830614	0.030219023812971733
0.3697161857599137	0.36971618575991366	0.029975576608754138
0.30732801226830614	0.42300071974043957	0.029630795643897465
0.23737240315145716	0.4658695721420536	0.03008281910659167
0.16157189767517932	0.49726716954506395	0.032218274960068655
0.0817929558517534	0.5164203988987569	0.036827936244658764
3.2015797014708393e-17	0.5228576441305205	0.044620792273902005
-0.08179295585175324	0.5164203988987569	0.05626567473449047
-0.16157189767517927	0.497267169545064	0.07235908353340846
-0.23737240315145708	0.46586957214205366	0.09322642974714795
-0.3073280122683061	0.42300071974043957	0.11851306874827393
-0.36971618575991366	0.3697161857599137	0.1466594314605864
-0.4230007197404395	0.3073280122683062	0.1745811495790864
-0.4658695721420536	0.23737240315145716	0.19799025986178323
-0.49726716954506395	0.16157189767517935	0.2125115328358251
-0.5164203988987568	0.08179295585175343	0.21514163107581638
-0.5228576441305205	6.403159402941679e-17	0.20523713951015748
-0.5164203988987569	-0.08179295585175331	0.18453511408074416
-0.49726716954506406	-0.16157189767517904	0.15639164874954656
-0.46586957214205366	-0.23737240315145705	0.12478629390923293
-0.42300071974043957	-0.3073280122683061	0.09348461785112742
-0.3697161857599138	-0.36971618575991366	0.06545866060856675
-0.3073280122683062	-0.4230007197404395	0.04256017581501681
-0.2373724031514572	-0.4658695721420536	0.025461413623384208
-0.16157189767517938	-0.49726716954506395	0.013849920962959318
-0.08179295585175347	-0.5164203988987568	0.006783302909809767
-9.604739104412517e-17	-0.5228576441305205	0.003070489427420015
0.08179295585175328	-0.5164203988987569	0.0015773368528731024
0.1615718976751792	-0.497267169545064	0.001413990503820735
0.23737240315145702	-0.4658695721420537	0.002007979001835196
0.30732801226830603	-0.4230007197404396	0.0030896806209592363
0.3697161857599136	-0.3697161857599138	0.004621434687797294
0.4230007197404395	-0.30732801226830625	0.0066966356330888785
0.4658695721420536	-0.23737240315145722	0.009428164450837759
0.49726716954506395	-0.1615718976751794	0.01284224499736455
0.5164203988987568	-0.08179295585175352	0.016796630183665638
0.5228576441305205	-1.2806318805883357e-16	0.020948173214815884
0.5577977827718659	0.08834648963858924	0.015062962502460737
0.5371099306087962	0.17451759549708745	0.01830971549862394
0.5031966493884773	0.25639149896375435	0.02106390073617018
0.45689299664628064	0.3319521928113336	0.02301008444716622
0.3993391219857322	0.3993391219857321	0.02406028559841554
0.3319521928113336	0.45689299664628064	0.02450139985533295
0.2563914989637544	0.5031966493884772	0.02502546845590793
0.17451759549708748	0.5371099306087962	0.02660979506180839
0.08834648963858927	0.5577977827718659	0.030322609854910965
3.458101311753092e-17	0.5647508022983863	0.037164611098944395
-0.08834648963858908	0.5577977827718659	0.047971489685167665
-0.17451759549708742	0.5371099306087963	0.06328863255935362
-0.25639149896375435	0.5031966493884773	0.08311940117750842
-0.33195219281133354	0.45689299664628064	0.10658238751169109
-0.3993391219857321	0.3993391219857322	0.13168135514761942
-0.4568929966462805	0.33195219281133365	0.15541303385230387
-0.5031966493884772	0.2563914989637544	0.1742656231124062
-0.5371099306087962	0.1745175954970875	0.1849694041565087
-0.5577977827718658	0.0883464896385893	0.18530364404281435
-0.5647508022983863	6.916202623506184e-17	0.17476043502497612
-0.5577977827718659	-0.08834648963858917	0.15481836717865113
-0.5371099306087963	-0.17451759549708717	0.12861794229797716
-0.5031966493884773	-0.2563914989637543	0.10009127003231927
-0.45689299664628064	-0.33195219281133354	0.07291259543327244
-0.39933912198573224	-0.3993391219857321	0.04970764514543615
-0.33195219281133365	-0.4568929966462805	0.031747129602147026
-0.25639149896375446	-0.5031966493884772	0.019078389043001742
-0.17451759549708754	-0.5371099306087962	0.010911514276080397
-0.08834648963858933	-0.5577977827718658	0.0060742778385618895
-1.0374303935259276e-16	-0.5647508022983863	0.0034005324592199446
0.08834648963858913	-0.5577977827718659	0.001975616213304446
0.17451759549708737	-0.5371099306087963	0.0012239940584892644
0.2563914989637543	-0.5031966493884773	0.0008765188570693683
0.3319521928113335	-0.4568929966462807	0.0008782917190593403
0.39933912198573207	-0.39933912198573224	0.0012897674303223735
0.4568929966462805	-0.3319521928113337	0.002208566116989961
0.5031966493884772	-0.25639149896375446	0.0037163834882237992
0.5371099306087962	-0.1745175954970876	0.005844414034361005
0.5577977827718658	-0.08834648963858938	0.008550065773494443
0.5647508022983863	-1.3832405247012368e-16	0.011700562249465508
0.5963109126384224	0.09444637015764998	0.011258147005302943
0.5741946683920118	0.18656715723248687	0.013030898338048744
0.5379398457669409	0.2740940417153642	0.014452520950203544
0.48843915881909644	0.3548718212252383	0.015546642988745168
0.4269114787444957	0.42691147874449564	0.01645315544921551
0.3548718212252383	0.48843915881909644	0.01739109637645877
0.2740940417153643	0.5379398457669409	0.01864328084499533
0.1865671572324869	0.5741946683920118	0.0205937601746971
0.09444637015765	0.5963109126384224	0.023800067146186158
3.696865804952461e-17	0.6037440031732191	0.02903761652661439
-0.09444637015764981	0.5963109126384224	0.037230158169781744
-0.18656715723248682	0.5741946683920119	0.04919081223876441
-0.2740940417153642	0.5379398457669409	0.06518520812091778
-0.3548718212252382	0.48843915881909644	0.08449726649582152
-0.42691147874449564	0.4269114787444957	0.1052845553468615
-0.4884391588190964	0.35487182122523836	0.12486540129249835
-0.5379398457669409	0.2740940417153643	0.14027889812290187
-0.5741946683920118	0.18656715723248693	0.14886621741800413
-0.5963109126384223	0.09444637015765005	0.14881693726671383
-0.6037440031732191	7.393731609904922e-17	0.13970768008629603
-0.5963109126384224	-0.0944463701576499	0.12282882994499833
-0.5741946683920119	-0.18656715723248657	0.10095537565543829
-0.5379398457669409	-0.27409404171536417	0.07752376558593664
-0.48843915881909644	-0.3548718212252382	0.05562285800215939
-0.42691147874449575	-0.42691147874449564	0.037294482824491035
-0.35487182122523836	-0.4884391588190964	0.023352276736131987
-0.27409404171536433	-0.5379398457669409	0.013614676486757224
-0.18656715723248696	-0.5741946683920118	0.007323583151282679
-0.09444637015765008	-0.5963109126384223	0.0035478376223479855
-1.1090597414857382e-16	-0.6037440031732191	0.0014552996323305748
0.09444637015764985	-0.5963109126384224	0.0004285928084445007
0.18656715723248676	-0.5741946683920119	6.692074383954488e-5
0.27409404171536417	-0.537939845766941	0.00013853075376937964
0.35487182122523814	-0.4884391588190965	0.0005306047529608209
0.4269114787444956	-0.42691147874449575	0.0012117770042008851
0.4884391588190964	-0.3548718212252384	0.0022006286960760952
0.5379398457669409	-0.2740940417153644	0.003529368193485471
0.5741946683920118	-0.18656715723248699	0.0052009912279722985
0.5963109126384223	-0.09444637015765013	0.00715140840290328
0.6037440031732191	-1.4787463219809845e-16	0.009236267516265011
0.632483235033251	0.1001755031953936	0.008191833546477113
0.6090254156117287	0.19788435303868243	0.009783697852969453
0.570571369218374	0.2907206333696437	0.010995091711664302
0.5180679620970542	0.37639840686057924	0.011804129530082684
0.4528080023799143	0.45280800237991425	0.01235493296638952
0.37639840686057924	0.5180679620970542	0.012886514933246312
0.29072063336964377	0.5705713692183739	0.013676956602727991
0.19788435303868246	0.6090254156117287	0.015084793154183021
0.10017550319539363	0.632483235033251	0.017635338460609485
3.9211183197278243e-17	0.6403672181167435	0.022001920597844067
-0.10017550319539342	0.632483235033251	0.028820908761038575
-0.1978843530386824	0.6090254156117288	0.03847513676257631
-0.2907206333696437	0.570571369218374	0.05101556327860718
-0.3763984068605792	0.5180679620970542	0.06613362399552498
-0.45280800237991425	0.4528080023799143	0.08289180747034967
-0.5180679620970541	0.3763984068605793	0.09929154208591275
-0.5705713692183739	0.29072063336964377	0.1123729989538404
-0.6090254156117287	0.1978843530386825	0.11926915426998713
-0.6324832350332509	0.10017550319539367	0.11848946322005592
-0.6403672181167435	7.842236639455649e-17	0.11033188134735807
-0.632483235033251	-0.1001755031953935	0.09635650540756763
-0.609025415611729	-0.1978843530386821	0.0787380378843474
-0.570571369218374	-0.29072063336964366	0.05991720186072076
-0.5180679620970542	-0.3763984068605792	0.042265590309470025
-0.45280800237991436	-0.45280800237991425	0.0275730802417058
-0.3763984068605793	-0.5180679620970541	0.01664620189041995
-0.2907206333696438	-0.5705713692183739	0.009330353576536271
-0.19788435303868254	-0.6090254156117287	0.004889340297065576
-0.10017550319539371	-0.6324832350332509	0.002438980762922298
-1.1763354959183472e-16	-0.6403672181167435	0.0012198348421211711
0.10017550319539348	-0.632483235033251	0.0006884927694934616
0.19788435303868232	-0.6090254156117288	0.0005059591982277448
0.29072063336964366	-0.5705713692183741	0.0004946581025652702
0.37639840686057907	-0.5180679620970543	0.0005960887174884371
0.45280800237991414	-0.45280800237991436	0.0008349790990987437
0.5180679620970541	-0.37639840686057935	0.001286556307645722
0.5705713692183739	-0.2907206333696438	0.002041683924834252
0.6090254156117287	-0.19788435303868257	0.0031658952318008122
0.6324832350332509	-0.10017550319539376	0.004654661438887899
0.6403672181167435	-1.5684473278911297e-16	0.006399592947940194
0.6666958681922254	0.10559425195030643	0.0049778274951223925
0.6419691554212441	0.20858842297036606	0.0062316002730564
0.6014350314703161	0.3064464547516087	0.007456684529501633
0.5460915809961577	0.39675875777939273	0.00849300033931697
0.4773015434238244	0.47730154342382436	0.009201675012264394
0.39675875777939273	0.5460915809961577	0.00963026220620859
0.3064464547516088	0.6014350314703161	0.010104367796256298
0.2085884229703661	0.6419691554212441	0.011105428364519656
0.10559425195030646	0.6666958681922254	0.013039686959908394
4.13322162178409e-17	0.6750063160515832	0.016183405660528772
-0.10559425195030624	0.6666958681922254	0.020889681273827804
-0.20858842297036603	0.6419691554212442	0.02773493632743255
-0.3064464547516087	0.6014350314703161	0.03721149731550291
-0.3967587577793926	0.5460915809961577	0.04909399005839844
-0.47730154342382436	0.4773015434238244	0.06216918017171884
-0.5460915809961576	0.3967587577793928	0.07469052470769769
-0.6014350314703161	0.3064464547516088	0.08494065802213753
-0.6419691554212441	0.20858842297036614	0.09125972202162808
-0.6666958681922253	0.1055942519503065	0.09204473025948555
-0.6750063160515832	8.26644324356818e-17	0.08646327266298008
-0.6666958681922254	-0.10559425195030633	0.07531365110630837
-0.6419691554212442	-0.20858842297036573	0.060875398839454725
-0.6014350314703161	-0.30644645475160864	0.0457936264949755
-0.5460915809961577	-0.3967587577793926	0.03208291962253521
-0.4773015434238245	-0.47730154342382436	0.02085952002635665
-0.3967587577793928	-0.5460915809961576	0.012512850333143217
-0.3064464547516088	-0.6014350314703161	0.006902992848674856
-0.20858842297036617	-0.6419691554212441	0.003521068275685316
-0.10559425195030654	-0.6666958681922253	0.0016901753516016397
-1.239966486535227e-16	-0.6750063160515832	0.0007796774794868515
0.10559425195030629	-0.6666958681922254	0.00034052592170158354
0.20858842297036595	-0.6419691554212442	0.00012634459806591696
0.30644645475160864	-0.6014350314703162	4.06998157497244e-5
0.39675875777939257	-0.5460915809961578	7.005428890651587e-5
0.4773015434238243	-0.4773015434238245	0.00023596915894053387
0.5460915809961576	-0.39675875777939285	0.0005691818014963298
0.6014350314703161	-0.30644645475160887	0.0010945143589090641
0.6419691554212441	-0.2085884229703662	0.001819441649698495
0.6666958681922253	-0.1055942519503066	0.002729261711998027
0.6750063160515832	-1.653288648713636e-16	0.0037938461200930727
0.6992365255984871	0.11074818576138967	0.0036904763637504623
0.6733029304581202	0.21876938363717804	0.00451176765579213
0.6307903826055612	0.3214037532338612	0.005171384916747647
0.5727456820599973	0.41612409574802506	0.005657415611039756
0.5005980819881769	0.5005980819881769	0.006072420441993649
0.41612409574802506	0.5727456820599973	0.00655504450220067
0.32140375323386133	0.6307903826055611	0.007189841721954496
0.21876938363717807	0.6733029304581202	0.008050872020226257
0.11074818576138971	0.6992365255984871	0.009370700383053567
4.334959408375338e-17	0.7079525968456384	0.011615686039993285
-0.11074818576138948	0.6992365255984871	0.015305310984678869
-0.218769383637178	0.6733029304581202	0.020735687862758753
-0.3214037532338612	0.6307903826055612	0.02792082874507948
-0.416124095748025	0.5727456820599973	0.03672759056399823
-0.5005980819881769	0.5005980819881769	0.046763981522424516
-0.5727456820599972	0.41612409574802517	0.05691738875950068
-0.6307903826055611	0.32140375323386133	0.06526515949061687
-0.6733029304581202	0.21876938363717813	0.06987859078952598
-0.699236525598487	0.11074818576138976	0.06977821377441878
-0.7079525968456384	8.669918816750677e-17	0.06507630198273628
-0.6992365255984871	-0.11074818576138958	0.056574525772893416
-0.6733029304581203	-0.21876938363717768	0.04557836057048709
-0.6307903826055612	-0.3214037532338612	0.03383450551312801
-0.5727456820599973	-0.416124095748025	0.023107725716304036
-0.500598081988177	-0.5005980819881769	0.014563516021110643
-0.41612409574802517	-0.5727456820599972	0.008506457407489551
-0.32140375323386133	-0.6307903826055611	0.004605689230240551
-0.21876938363717816	-0.6733029304581202	0.002290125438751623
-0.1107481857613898	-0.699236525598487	0.0010214508717946436
-1.3004878225126014e-16	-0.7079525968456384	0.0003928240444516377
0.11074818576138953	-0.6992365255984871	0.00012935103986457964
0.21876938363717793	-0.6733029304581202	5.973023891232944e-5
0.32140375323386117	-0.6307903826055612	8.832249094364586e-5
0.41612409574802495	-0.5727456820599973	0.00017382448168467096
0.5005980819881768	-0.500598081988177	0.0003135311556741234
0.5727456820599972	-0.4161240957480252	0.0005308241985371886
0.6307903826055611	-0.3214037532338614	0.0008633462160960388
0.6733029304581202	-0.21876938363717818	0.001348981351896091
0.699236525598487	-0.11074818576138985	0.002006857296057165
0.7079525968456384	-1.7339837633501353e-16	0.002814214717949401
0.7303287320087457	0.11567270747213343	0.00220665651115342
0.7032419752935106	0.2284971689905965	0.002803494895320076
0.6588390672202432	0.3356952718698846	0.0033449218707864788
0.5982133547505102	0.43462744304700346	0.00378775849561197
0.5228576441305205	0.5228576441305204	0.0041277507721359874
0.43462744304700346	0.5982133547505102	0.004420608832791689
0.3356952718698847	0.6588390672202432	0.004796980613534396
0.22849716899059652	0.7032419752935106	0.005450974130908819
0.11567270747213347	0.7303287320087457	0.006601021910727342
4.527717434838465e-17	0.7394323715198273	0.008468209560283968
-0.11567270747213322	0.7303287320087457	0.011310506272504886
-0.22849716899059644	0.7032419752935107	0.015446723519216126
-0.3356952718698846	0.6588390672202432	0.02112664177054959
-0.43462744304700335	0.5982133547505102	0.028244905908761022
-0.5228576441305204	0.5228576441305205	0.036151290922963326
-0.5982133547505101	0.4346274430470035	0.04375997458637428
-0.6588390672202432	0.3356952718698847	0.04980722994270957
-0.7032419752935106	0.22849716899059658	0.05306771237081759
-0.7303287320087456	0.11567270747213351	0.052654112189351995
-0.7394323715198273	9.05543486967693e-17	0.048443132717459814
-0.7303287320087457	-0.11567270747213333	0.04125326518577382
-0.7032419752935108	-0.22849716899059613	0.032512844336213494
-0.6588390672202432	-0.33569527186988457	0.023697002549960832
-0.5982133547505102	-0.43462744304700335	0.015931753592232204
-0.5228576441305206	-0.5228576441305204	0.009847260513358285
-0.4346274430470035	-0.5982133547505101	0.005585269202852202
-0.33569527186988474	-0.6588390672202432	0.0029128721114942647
-0.2284971689905966	-0.7032419752935106	0.0014094869951637948
-0.11567270747213355	-0.7303287320087456	0.00064771450370453
-1.3583152304515394e-16	-0.7394323715198273	0.0002978721027736128
0.11567270747213329	-0.7303287320087457	0.00014993233791983144
0.22849716899059638	-0.7032419752935107	9.009843025719605e-5
0.3356952718698845	-0.6588390672202433	6.805640829709065e-5
0.4346274430470033	-0.5982133547505103	7.146249328983074e-5
0.5228576441305204	-0.5228576441305206	0.00011002295609306245
0.5982133547505101	-0.43462744304700357	0.00020611883804796786
0.6588390672202432	-0.3356952718698848	0.0003877334654600042
0.7032419752935106	-0.22849716899059666	0.0006799739645551962
0.7303287320087456	-0.11567270747213361	0.0010940143142443774
0.7394323715198273	-1.811086973935386e-16	0.0016166121477649044
0.7601502449279095	0.12039597110546611	0.001382428377842374
0.7319574546829516	0.23782739383099594	0.0017478477281075609
0.6857414426761811	0.3494027168165392	0.002093585725709
0.6226402005053545	0.452374585312925	0.0024124076348323773
0.5442074901737337	0.5442074901737336	0.0027041773147775017
0.452374585312925	0.6226402005053545	0.0029753552685149796
0.34940271681653934	0.6857414426761811	0.003273595415729176
0.23782739383099596	0.7319574546829516	0.0037274270359063536
0.12039597110546615	0.7601502449279095	0.0045290232835433625
4.712597719646624e-17	0.769625613348717	0.005872115018814747
-0.1203959711054659	0.7601502449279095	0.00793944748836198
-0.23782739383099588	0.7319574546829517	0.010950306859660936
-0.3494027168165392	0.6857414426761811	0.015109103924105343
-0.45237458531292496	0.6226402005053545	0.020369926257135806
-0.5442074901737336	0.5442074901737337	0.026249229905173154
-0.6226402005053544	0.4523745853129251	0.031925095802927
-0.6857414426761811	0.34940271681653934	0.03645200276215997
-0.7319574546829516	0.23782739383099602	0.03888434434067872
-0.7601502449279094	0.1203959711054662	0.03850657124679061
-0.769625613348717	9.425195439293248e-17	0.03523651408777641
-0.7601502449279095	-0.12039597110546602	0.029767503508148906
-0.7319574546829518	-0.23782739383099555	0.023226611504839866
-0.6857414426761811	-0.34940271681653917	0.016712821904696848
-0.6226402005053545	-0.45237458531292496	0.011046300401555503
-0.5442074901737338	-0.5442074901737336	0.006683958528366522
-0.4523745853129251	-0.6226402005053544	0.003705489964184466
-0.34940271681653934	-0.6857414426761811	0.0018940154020388312
-0.23782739383099605	-0.7319574546829516	0.0009009358106713355
-0.12039597110546624	-0.7601502449279094	0.0004002850718308561
-1.4137793158939872e-16	-0.769625613348717	0.0001624175977828758
0.12039597110546596	-0.7601502449279095	5.4440175494330636e-5
0.2378273938309958	-0.7319574546829517	1.0053945402397032e-5
0.34940271681653917	-0.6857414426761812	1.923948402985511e-7
0.45237458531292485	-0.6226402005053546	1.4876629516109377e-5
0.5442074901737336	-0.5442074901737338	5.49744354057763e-5
0.6226402005053544	-0.4523745853129252	0.00012923281423681413
0.6857414426761811	-0.3494027168165394	0.0002520950148028333
0.7319574546829516	-0.2378273938309961	0.00043898873974325474
0.7601502449279094	-0.1203959711054663	0.00069803927627691
0.769625613348717	-1.8850390878586496e-16	0.001021243706680894
0.7888451894576143	0.12494080383494702	0.0008769259409686053
0.7595881483522317	0.24680515042472287	0.0011267729238211533
0.7116275261058838	0.36259233511170874	0.0013756705384754494
0.6461442724104551	0.4694512931332766	0.0015909271445095153
0.5647508022983863	0.5647508022983863	0.0017536452827162994
0.4694512931332766	0.6461442724104551	0.0019048367753981231
0.36259233511170885	0.7116275261058836	0.0021369997183875856
0.24680515042472292	0.7595881483522317	0.0025210278426532804
0.12494080383494707	0.7888451894576143	0.0030949333970877726
4.890493775141413e-17	0.7986782439714644	0.003978627394448603
-0.1249408038349468	0.7888451894576143	0.00542696493648403
-0.2468051504247228	0.7595881483522317	0.007655196347830787
-0.36259233511170874	0.7116275261058838	0.010670224693677304
-0.4694512931332765	0.6461442724104551	0.014376853318191008
-0.5647508022983863	0.5647508022983863	0.018633858271489334
-0.646144272410455	0.46945129313327666	0.02293669170803764
-0.7116275261058836	0.36259233511170885	0.026321887546515
-0.7595881483522317	0.24680515042472295	0.027944655406595006
-0.7888451894576142	0.12494080383494711	0.027531685615089285
-0.7986782439714644	9.780987550282826e-17	0.025181989389312872
-0.7888451894576143	-0.1249408038349469	0.021213956146545556
-0.7595881483522318	-0.24680515042472248	0.016333991096065575
-0.7116275261058838	-0.3625923351117087	0.011505849414033195
-0.6461442724104551	-0.4694512931332765	0.007463970100656713
-0.5647508022983864	-0.5647508022983863	0.004467429612722794
-0.46945129313327666	-0.646144272410455	0.0024464475731982337
-0.36259233511170885	-0.7116275261058836	0.0012102613130084957
-0.246805150424723	-0.7595881483522317	0.0005384627046833499
-0.12494080383494716	-0.7888451894576142	0.00021906013837902
-1.467148132542424e-16	-0.7986782439714644	8.556167321286604e-5
0.12494080383494686	-0.7888451894576143	3.548569128640395e-5
0.24680515042472273	-0.7595881483522317	1.9399518961334123e-5
0.3625923351117087	-0.7116275261058839	1.811316763523934e-5
0.46945129313327644	-0.6461442724104551	2.633983251681199e-5
0.5647508022983861	-0.5647508022983864	4.649804322058637e-5
0.646144272410455	-0.46945129313327677	8.72602819722999e-5
0.7116275261058836	-0.3625923351117089	0.00016107765203861947
0.7595881483522317	-0.24680515042472304	0.00027854140331194926
0.7888451894576142	-0.12494080383494723	0.0004421559702623763
0.7986782439714644	-1.9561975100565653e-16	0.0006451307016920132
0.8165323453463909	0.1293260185245691	0.0005211348492587976
0.7862484306937587	0.2554676012646154	0.0007055486552041992
0.7366044702685086	0.37531872381316744	0.0008696868407255995
0.6688228631351687	0.485928253770009	0.0009987728394746144
0.5845726174156188	0.5845726174156187	0.0011191544004156041
0.485928253770009	0.6688228631351687	0.0012603903823957387
0.37531872381316755	0.7366044702685085	0.0014201532285370543
0.25546760126461543	0.7862484306937587	0.0016206665768548059
0.12932601852456915	0.8165323453463909	0.0019751518233035864
5.062141983604891e-17	0.8267105237411067	0.002614492752225026
-0.12932601852456888	0.8165323453463909	0.0035889858201594827
-0.2554676012646153	0.7862484306937588	0.004967374969130982
-0.37531872381316744	0.7366044702685086	0.006937592237553799
-0.48592825377000887	0.6688228631351687	0.009564627995487332
-0.5845726174156187	0.5845726174156188	0.012537149351622449
-0.6688228631351687	0.4859282537700091	0.015400249867797231
-0.7366044702685085	0.37531872381316755	0.017790369890967505
-0.7862484306937587	0.2554676012646155	0.019212697766324303
-0.8165323453463907	0.12932601852456918	0.019095201662338666
-0.8267105237411067	1.0124283967209782e-16	0.017360739825645434
-0.8165323453463909	-0.129326018524569	0.014531351995967395
-0.7862484306937589	-0.25546760126461493	0.011228090536462378
-0.7366044702685086	-0.3753187238131674	0.007929281368978814
-0.6688228631351687	-0.48592825377000887	0.005059391358862046
-0.584572617415619	-0.5845726174156187	0.002922333499288626
-0.4859282537700091	-0.6688228631351687	0.0015517568233831206
-0.37531872381316755	-0.7366044702685085	0.0007664118631027361
-0.2554676012646155	-0.7862484306937587	0.00034878571232600835
-0.12932601852456924	-0.8165323453463907	0.00014321929352641984
-1.5186425950814672e-16	-0.8267105237411067	5.3991096017715174e-5
0.12932601852456893	-0.8165323453463909	2.1283186621444053e-5
0.2554676012646152	-0.7862484306937588	1.028587721966596e-5
0.37531872381316733	-0.7366044702685087	6.064231501729842e-6
0.4859282537700088	-0.6688228631351688	6.459719801653619e-6
0.5845726174156186	-0.584572617415619	1.4830523039652984e-5
0.6688228631351687	-0.48592825377000914	3.5654410139934e-5
0.7366044702685085	-0.3753187238131676	7.330658441521096e-5
0.7862484306937587	-0.25546760126461554	0.00013315363754046219
0.8165323453463907	-0.12932601852456932	0.00022334403446227802
0.8267105237411067	-2.0248567934419565e-16	0.00035287576208429866
0.8433109800443348	0.13356733759385817	0.0003222049557484642
0.8120338874823051	0.2638458040515766	0.00041705381904803216
0.7607618256244988	0.387627511159525	0.0005148021718970884
0.6907572827960724	0.5018645424807724	0.0006192504743935579
0.6037440031732192	0.6037440031732191	0.0007179325694091415
0.5018645424807724	0.6907572827960724	0.0007977386226357562
0.3876275111595251	0.7607618256244988	0.0008882587844775214
0.26384580405157665	0.8120338874823051	0.001051207233960485
0.1335673375938582	0.8433109800443348	0.0013198342517314152
5.2281577596371e-17	0.8538229574889914	0.0017200964027826152
-0.13356733759385792	0.8433109800443348	0.0023581339434012374
-0.26384580405157654	0.8120338874823052	0.003370181809634947
-0.387627511159525	0.7607618256244988	0.004779490506768189
-0.5018645424807723	0.6907572827960724	0.006538133352214093
-0.6037440031732191	0.6037440031732192	0.008607737866913838
-0.6907572827960723	0.5018645424807725	0.010757744510217573
-0.7607618256244988	0.3876275111595251	0.012476526672091834
-0.8120338874823051	0.2638458040515767	0.01333768282490491
-0.8433109800443347	0.13356733759385825	0.01320724538886421
-0.8538229574889914	1.04563155192742e-16	0.012066361269700489
-0.8433109800443348	-0.13356733759385803	0.010047565541895453
-0.8120338874823053	-0.2638458040515762	0.007595687497422587
-0.7607618256244988	-0.38762751115952493	0.0052511664872515055
-0.6907572827960724	-0.5018645424807723	0.003331262670109874
-0.6037440031732192	-0.6037440031732191	0.0019190453677930435
-0.5018645424807725	-0.6907572827960723	0.0009907084341311617
-0.38762751115952515	-0.7607618256244988	0.0004604959405284318
-0.26384580405157676	-0.8120338874823051	0.00019864682056299716
-0.1335673375938583	-0.8433109800443347	8.170458015083081e-5
-1.5684473278911297e-16	-0.8538229574889914	3.0715374333132356e-5
0.133567337593858	-0.8433109800443348	8.846989424632565e-6
0.2638458040515765	-0.8120338874823052	1.197670672637619e-6
0.3876275111595249	-0.7607618256244989	8.459121227631881e-7
0.5018645424807722	-0.6907572827960724	4.319703794455799e-6
0.603744003173219	-0.6037440031732192	1.0948283097145763e-5
0.6907572827960723	-0.5018645424807726	2.284542033653686e-5
0.7607618256244988	-0.38762751115952515	4.494729818851767e-5
0.8120338874823051	-0.2638458040515768	8.419255295451487e-5
0.8433109800443347	-0.13356733759385836	0.00014601211955628826
0.8538229574889914	-2.09126310385484e-16	0.00022871938883562787
0.8692650614914849	0.13767806025800244	0.0001867313989840988
0.8370253724176177	0.2719660297451676	0.00025455629478300163
0.7841753407468832	0.3995572929765025	0.00032330811136011814
0.7120163096582138	0.5173101296001265	0.00038382777672544443
0.6223250739791066	0.6223250739791065	0.0004358637084453844
0.5173101296001265	0.7120163096582138	0.0004923080011242863
0.39955729297650255	0.7841753407468831	0.0005675846412302465
0.27196602974516765	0.8370253724176177	0.0006732451349244137
0.1376780602580025	0.8692650614914849	0.000838581077535959
5.389061667594088e-17	0.8801005598260923	0.0011186390640626784
-0.1376780602580022	0.8692650614914849	0.0015679887285641992
-0.27196602974516754	0.8370253724176178	0.0022359738672094683
-0.3995572929765025	0.7841753407468832	0.003185507008322792
-0.5173101296001263	0.7120163096582138	0.004439693200510201
-0.6223250739791065	0.6223250739791066	0.005894987837971906
-0.7120163096582137	0.5173101296001266	0.007345420507327406
-0.7841753407468831	0.39955729297650255	0.008542218198153676
-0.8370253724176177	0.2719660297451677	0.009195971659834065
-0.8692650614914847	0.13767806025800255	0.009079558024646286
-0.8801005598260923	1.0778123335188176e-16	0.008198286377717344
-0.8692650614914849	-0.13767806025800233	0.006773611982191785
-0.8370253724176179	-0.27196602974516715	0.005102979852904941
-0.7841753407468832	-0.39955729297650244	0.0034832350934650134
-0.7120163096582138	-0.5173101296001263	0.002150512605471152
-0.6223250739791067	-0.6223250739791065	0.001205866751869931
-0.5173101296001266	-0.7120163096582137	0.0006156293898919946
-0.3995572929765026	-0.7841753407468831	0.00028453385018844195
-0.27196602974516776	-0.8370253724176177	0.00011805730055488674
-0.13767806025800258	-0.8692650614914847	4.429693765094733e-5
-1.6167185002782262e-16	-0.8801005598260923	1.5837730647431525e-5
0.13767806025800228	-0.8692650614914849	6.166136775048161e-6
0.2719660297451675	-0.8370253724176178	3.2235057837411916e-6
0.3995572929765024	-0.7841753407468833	2.612822816219049e-6
0.5173101296001262	-0.7120163096582138	3.2287170692582905e-6
0.6223250739791064	-0.6223250739791067	5.598131672559298e-6
0.7120163096582137	-0.5173101296001267	1.1572824686117483e-5
0.7841753407468831	-0.39955729297650266	2.407650861943115e-5
0.8370253724176177	-0.2719660297451678	4.629582093853879e-5
0.8692650614914847	-0.13767806025800267	8.054056785651243e-5
0.8801005598260923	-2.155624667037635e-16	0.0001276077160874751
0.8944663689576335	0.14166955523647495	0.00010441030093810308
0.8612920025880177	0.27985073584873027	0.00014337744807377105
0.8069097686504113	0.41114106257304633	0.00018623327741808517
0.7326587382286447	0.5323077318378574	0.00022699184370934328
0.6403672181167436	0.6403672181167435	0.00026137006462582685
0.5323077318378574	0.7326587382286447	0.0002966452597609972
0.41114106257304645	0.8069097686504112	0.0003466390741463556
0.2798507358487303	0.8612920025880177	0.0004198486215765624
0.141669555236475	0.8944663689576335	0.0005321556552157887
5.5452987074286915e-17	0.9056160047598286	0.0007235964421920425
-0.1416695552364747	0.8944663689576335	0.0010369093961433166
-0.27985073584873027	0.8612920025880179	0.0015037449072822337
-0.41114106257304633	0.8069097686504113	0.0021694867660244413
-0.5323077318378573	0.7326587382286447	0.0030567028309251816
-0.6403672181167435	0.6403672181167436	0.004082988452666714
-0.7326587382286446	0.5323077318378575	0.005092273966268961
-0.8069097686504112	0.41114106257304645	0.005912279590470996
-0.8612920025880177	0.2798507358487304	0.0063328803955270555
-0.8944663689576334	0.14166955523647506	0.006193293844559366
-0.9056160047598286	1.1090597414857383e-16	0.005525302935084022
-0.8944663689576335	-0.14166955523647484	0.004504489291137466
-0.861292002588018	-0.2798507358487298	0.0033365071781259834
-0.8069097686504113	-0.4111410625730463	0.0022296197999073443
-0.7326587382286447	-0.5323077318378573	0.0013467722606098566
-0.6403672181167437	-0.6403672181167435	0.0007402659728414941
-0.5323077318378575	-0.7326587382286446	0.0003695366365603456
-0.4111410625730465	-0.8069097686504112	0.00016563742226779836
-0.27985073584873044	-0.8612920025880177	6.666777815268213e-5
-0.14166955523647512	-0.8944663689576334	2.5043245632080974e-5
-1.6635896122286074e-16	-0.9056160047598286	9.390556943261847e-6
0.1416695552364748	-0.8944663689576335	3.5150862750393268e-6
0.27985073584873016	-0.8612920025880179	1.1259891348124233e-6
0.4111410625730462	-0.8069097686504114	2.6854536040629996e-7
0.5323077318378572	-0.7326587382286448	3.9616701836396727e-7
0.6403672181167434	-0.6403672181167437	1.6353013079745616e-6
0.7326587382286446	-0.5323077318378576	4.868376730991269e-6
0.8069097686504112	-0.41114106257304656	1.1798968143733196e-5
0.8612920025880177	-0.2798507358487305	2.4504667600004244e-5
0.8944663689576334	-0.14166955523647518	4.4362751095023714e-5
0.9056160047598286	-2.2181194829714766e-16	7.126801450548131e-5
0.9189768349978752	0.1455516316823522	6.224915943481341e-5
0.8848934135664615	0.2875192991345142	8.916164788583619e-5
0.8290209795001754	0.4224072872201385	0.00011342086302400675
0.7527352975557065	0.5468942060049905	0.0001336489559296101
0.6579147744001904	0.6579147744001903	0.00015820603604921907
0.5468942060049905	0.7527352975557065	0.00018840090883211528
0.4224072872201386	0.8290209795001754	0.0002166245022056047
0.28751929913451424	0.8848934135664615	0.00025618316381278945
0.14555163168235224	0.9189768349978752	0.000335473887324453
5.697252833786532e-17	0.9304319968423844	0.0004593880745548554
-0.14555163168235194	0.9189768349978752	0.0006427164251261538
-0.28751929913451413	0.8848934135664616	0.0009452413214495155
-0.4224072872201385	0.8290209795001754	0.0013894734207221596
-0.5468942060049904	0.7527352975557065	0.0019451702669425763
-0.6579147744001903	0.6579147744001904	0.0026126588445524804
-0.7527352975557063	0.5468942060049906	0.0033232579234743977
-0.8290209795001754	0.4224072872201386	0.0038760536901069806
-0.8848934135664615	0.2875192991345143	0.004142888542768577
-0.9189768349978751	0.1455516316823523	0.00409268779671055
-0.9304319968423844	1.1394505667573064e-16	0.0036788019214228844
-0.9189768349978752	-0.14555163168235205	0.0029692542481864646
-0.8848934135664617	-0.28751929913451374	0.0021760624455543177
-0.8290209795001754	-0.4224072872201384	0.0014581094879354464
-0.7527352975557065	-0.5468942060049904	0.0008763483704268296
-0.6579147744001905	-0.6579147744001903	0.00046535025829424066
-0.5468942060049906	-0.7527352975557063	0.0002232850819480634
-0.42240728722013865	-0.8290209795001754	0.00010027199689139699
-0.28751929913451435	-0.8848934135664615	4.124906756080261e-5
-0.14555163168235233	-0.9189768349978751	1.4325035140690936e-5
-1.7091758501359593e-16	-0.9304319968423844	4.05413954550152e-6
0.145551631682352	-0.9189768349978752	1.1732759881174227e-6
0.287519299134514	-0.8848934135664616	4.822144390879154e-7
0.42240728722013837	-0.8290209795001755	2.4554528197243904e-7
0.5468942060049903	-0.7527352975557066	4.203724300878292e-7
0.6579147744001902	-0.6579147744001905	1.3970809592164644e-6
0.7527352975557063	-0.5468942060049907	3.747198489803101e-6
0.8290209795001754	-0.4224072872201387	8.099154382745086e-6
0.8848934135664615	-0.2875192991345144	1.48952552801683e-5
0.9189768349978751	-0.1455516316823524	2.4844605079522702e-5
0.9304319968423844	-2.278901133514613e-16	3.9950564000267376e-5
0.9428503387755506	0.149332823216765	3.622711869193223e-5
0.9078814862219249	0.2949885767187074	4.8200176269977536e-5
0.8505575783916104	0.4333807324508781	6.16374755636448e-5
0.7722901201425318	0.561101616241919	7.947701630099789e-5
0.6750063160515833	0.6750063160515832	9.586000562600279e-5
0.561101616241919	0.7722901201425318	0.00010687560716595073
0.4333807324508782	0.8505575783916103	0.0001258854207529572
0.29498857671870743	0.9078814862219249	0.00016151144019890424
0.14933282321676505	0.9428503387755506	0.0002067599827358336
5.845258073820781e-17	0.9546030868476489	0.00028133848672375094
-0.14933282321676475	0.9428503387755506	0.00042041226621152656
-0.2949885767187073	0.907881486221925	0.0006220686699091065
-0.4333807324508781	0.8505575783916104	0.0009037823034810063
-0.5611016162419189	0.7722901201425318	0.0013075435575501965
-0.6750063160515832	0.6750063160515833	0.001775499234169337
-0.7722901201425317	0.5611016162419191	0.002219681630016753
-0.8505575783916103	0.4333807324508782	0.002603230630411073
-0.9078814862219249	0.2949885767187075	0.0028042296253001256
-0.9428503387755505	0.1493328232167651	0.002712707153474793
-0.9546030868476489	1.1690516147641562e-16	0.0023945292194964413
-0.9428503387755506	-0.1493328232167649	0.0019378556348290533
-0.9078814862219251	-0.2949885767187069	0.0014005951830684683
-0.8505575783916104	-0.43338073245087805	0.000899958144353649
-0.7722901201425318	-0.5611016162419189	0.0005290312585663338
-0.6750063160515835	-0.6750063160515832	0.00028480513319413704
-0.5611016162419191	-0.7722901201425317	0.00013417218563045984
-0.43338073245087827	-0.8505575783916103	5.453414045320053e-5
-0.2949885767187075	-0.9078814862219249	2.0918731215891458e-5
-0.14933282321676516	-0.9428503387755505	8.281730201624227e-6
-1.753577422146234e-16	-0.9546030868476489	2.938213439199668e-6
0.14933282321676483	-0.9428503387755506	7.408502832141283e-7
0.2949885767187072	-0.907881486221925	2.3924345802777174e-7
0.433380732450878	-0.8505575783916105	3.097274564701853e-7
0.5611016162419188	-0.772290120142532	4.828212360561075e-7
0.6750063160515831	-0.6750063160515835	8.704502517186717e-7
0.7722901201425317	-0.5611016162419192	1.6679258069489964e-6
0.8505575783916103	-0.4333807324508783	3.1438395680903884e-6
0.9078814862219249	-0.29498857671870754	6.2533459547173e-6
0.9428503387755505	-0.14933282321676525	1.2772370335162092e-5
0.9546030868476489	-2.3381032295283124e-16	2.3513372882360802e-5
